,Title,Published_date,Views,Likes,Comments,Month
0,The Truth about Feminism | Is Feminism Destroying Indian Society? | Dhruv Rathee,2024-02-14,3429894,230050,22828,Feb
1,50% of Indians will get this Disease! | The Next Pandemic | Dhruv Rathee,2024-02-09,6628036,286995,15345,Feb
2,Budget 2024 Analysis | What did Middle Class get? | Dhruv Rathee,2024-02-04,4558822,229575,12988,Feb
3,Ram Mandir: The Untold Truth about Ram's Exile | Dhruv Rathee,2024-01-23,10390412,524069,53505,Jan
4,Mystery of Subhas Chandra Bose's Death | Gumnami Baba | Dhruv Rathee,2024-01-20,4880885,176922,11496,Jan
5,Maldives vs Lakshadweep Controversy | Who is Wrong? | Dhruv Rathee,2024-01-12,7701620,309167,18882,Jan
6,"Japan Earthquake, Tsunami and Plane Crash | Why is it happening? | Dhruv Rathee",2024-01-05,7701859,298069,10489,Jan
7,Vivek Bindra vs Sandeep Maheshwari | Who is Wrong? | Dhruv Rathee,2023-12-30,11071412,489432,31387,Dec
8,Netaji Subhas Chandra Bose | From Hitler's Germany to Japan | Full Biography | Dhruv Rathee,2023-12-26,6060848,240182,13222,Dec
9,Real Story of Dunki | How Indians Cross US Mexico Border? | Donkey Process | Dhruv Rathee,2023-12-22,13328040,407408,17596,Dec
10,How Korea became a Cultural Superpower? | Case Study | BTS | Squid Games | Dhruv Rathee,2023-12-16,5743848,217894,16807,Dec
11,ANIMAL | The Worst Movie of 2023? | Dhruv Rathee,2023-12-10,13202919,795254,76306,Dec
12,Sad Reality of Uttarkashi Tunnel Rescue | 3D Animation | Dhruv Rathee,2023-12-06,6473156,274533,11981,Dec
13,Mystery of Q-Star | The AI which threatens Humanity | Open AI | Microsoft | Dhruv Rathee,2023-12-01,5608339,199286,8441,Dec
14,Why is United Nations Failing? | Dark Truth about Weapons Industry | Dhruv Rathee,2023-11-28,5380614,209930,11586,Nov
15,The Bhopal Gas Leak | Who were Railway Men? | Dhruv Rathee,2023-11-26,5332287,218070,7645,Nov
16,How Napoleon Conquered Europe? | Was he a Hero or Villain? | Dhruv Rathee,2023-11-23,5434007,187872,9827,Nov
17,The Secret of Nuclear Submarines | World's Most Extreme Technology | Indian Navy | Dhruv Rathee,2023-11-20,4769850,182283,6073,Nov
18,The Politics of Cricket World Cup | Explained by Dhruv Rathee,2023-11-16,8354501,379479,15924,Nov
19,The Truth about Ramayan | Shri Ram | Diwali Special | Dhruv Rathee,2023-11-10,8709573,495139,62325,Nov
20,The Concordia Cruise Mystery | What Went Wrong? | Titanic of 2012 | Dhruv Rathee,2023-11-06,9502528,338741,11039,Nov
21,Kalpana Chawla | Mystery of NASA Columbia Space Disaster | Dhruv Rathee,2023-10-30,8301650,278057,7672,Oct
22,Why British Left India? | Reality of Mahatma Gandhi's Role | Quit India Movement | Dhruv Rathee,2023-10-26,5398920,239037,14557,Oct
23,How to Lose Weight? | The Complete Scientific Guide | Dhruv Rathee,2023-10-23,8572788,344624,22144,Oct
24,Gaza is in Absolute Crisis! | Israel Palestine War | Dhruv Rathee,2023-10-20,8411940,363409,35335,Oct
25,The Mona Lisa Mystery | Why is it World's Most Famous Painting? | Dhruv Rathee,2023-10-17,9276885,310142,9853,Oct
26,Mystery of Flight 571 | World's Greatest Miracle | Dhruv Rathee,2023-10-12,14786056,626175,18930,Oct
27,Israel Palestine War | What is Happening? |  Explained by Dhruv Rathee,2023-10-10,13947302,536335,69936,Oct
28,Mystery of World's Oldest Human | The Secret of Living 120+ years | Dhruv Rathee,2023-10-05,5845655,235349,14774,Oct
29,Women's Reservation: Good or Bad? | Dhruv Rathee,2023-09-29,3175300,157577,13763,Sep
30,How China Invaded Aksai Chin? | The 1962 War | Dhruv Rathee,2023-09-24,3536332,156050,11845,Sep
31,Dark Reality of Jawan Film | Shah Rukh Khan | Dhruv Rathee,2023-09-20,9917663,655679,39444,Sep
32,Chandrayaan 3 Discovery | Oxygen on Moon! | Dhruv Rathee,2023-09-15,5470090,267002,10997,Sep
33,India vs Bharat | The Origin of a Controversy | Dhruv Rathee,2023-09-13,8130204,693437,98552,Sep
34,The G20 Summit | What is it Exactly? | Dhruv Rathee,2023-09-08,7439692,372555,14296,Sep
35,What was Nehru's Mistake? | India-China 1962 War | Dhruv Rathee,2023-09-05,4902234,200415,11019,Sep
36,Aditya L1 | India's First Sun Mission Launched! | ISRO | Dhruv Rathee,2023-09-02,6534145,319783,10167,Sep
37,Project Cheetah | Is it an Impossible Mission? | Dhruv Rathee,2023-08-30,5133977,207177,10257,Aug
38,India Makes History! | Chandrayaan 3 Lunar Landing | Dhruv Rathee,2023-08-23,11188776,507462,19424,Aug
39,Mystery of Apollo 13 Mission | Lost in Space | Dhruv Rathee,2023-08-19,11170681,397183,10077,Aug
40,Chicken or Egg: What came first? | Are Eggs Veg or Non Veg? | Dhruv Rathee,2023-08-14,6228047,289026,17479,Aug
41,PM Modi’s Role in Manipur | What actually happened? | Dhruv Rathee,2023-08-10,3975650,177138,16112,Aug
42,The Real Story of Manipur | Who is Responsible? | Dhruv Rathee,2023-08-06,6363131,325862,21435,Aug
43,What happened to the Ozone Hole? | Dhruv Rathee,2023-07-31,6161927,266820,12475,Jul
44,The Dark Reality of Bigg Boss | Dhruv Rathee,2023-07-27,12496450,765973,75103,Jul
45,The Real Story of Oppenheimer | Hero or Villain? | Dhruv Rathee,2023-07-23,9095310,347992,14580,Jul
46,What happened to other Human Species? | Evolution of Homo Ancestors | Dhruv Rathee,2023-07-20,5406376,219706,25125,Jul
47,The Truth about Artificial Intelligence and ChatGPT | Dhruv Rathee,2023-07-16,8550463,386978,26387,Jul
48,What went Wrong with Adipurush? | The Indian Film Industry Formula | Dhruv Rathee,2023-07-07,8448753,377481,29921,Jul
49,How Online Betting & Fantasy Apps Fool You! | Business Model | Dhruv Rathee,2023-07-02,5061175,269241,19157,Jul
50,Mystery of Titan Submarine | What Actually Happened? | Dhruv Rathee,2023-06-29,10520592,498579,16344,Jun
51,How China became a Superpower? | Case Study | Dhruv Rathee,2023-06-23,7022830,223612,14863,Jun
52,Interstellar Time Travel Explained | How Wormholes Work? | Dhruv Rathee,2023-06-21,6569076,272418,13770,Jun
53,Saudi Arabia’s $1 Trillion Plan | Is it Really Possible? | Dhruv Rathee,2023-06-14,7696837,244745,14496,Jun
54,Reality of Quran and Bible | Abrahamic Religions Explained | Dhruv Rathee,2023-06-09,11884094,542189,124065,Jun
55,The No.1 Problem that is Destroying Indian Cities | Dhruv Rathee,2023-06-06,4497776,229342,23745,Jun
56,"Does God Exist? | Hinduism, Religion and Spirituality with Acharya Prashant x Dhruv Rathee",2023-05-31,6419789,283545,53446,May
57,My Reply to Kerala Story Controversy | Elvish Yadav | Dhruv Rathee,2023-05-26,12876577,1171026,237452,May
58,Reality of Wrestlers Protest | Why Modi Govt is Saving Brij Bhushan? | Dhruv Rathee,2023-05-22,5655394,334651,24834,May
59,Imran Khan vs Pakistan Army | Who will Win? | Dhruv Rathee,2023-05-17,5440351,222293,18433,May
60,Cloud Seeding: The Secret to China & Dubai's Rain | Dhruv Rathee,2023-05-14,4445593,178631,8357,May
61,The Kerala Story | True or Fake? | Dhruv Rathee,2023-05-10,18938642,1199900,208105,May
62,Mystery of Hindenburg | The World’s Largest Airship | Dhruv Rathee,2023-05-08,4551916,168353,5013,May
63,Theory of Evolution | Fact vs Fiction | How Life Originated on Earth? | Dhruv Rathee,2023-05-06,7298530,294683,32459,May
64,The Dark Reality of World's Fattest Country | Case Study | Dhruv Rathee,2023-04-30,5858063,227103,9956,Apr
65,Why Hitler Lost? | World War 2 | Dhruv Rathee,2023-04-26,10656243,293296,10116,Apr
66,The Truth of Pulwama | Satyapal Malik Allegations | Dhruv Rathee,2023-04-23,8534817,413508,37285,Apr
67,Why World War 2 Happened? | The Real Reason | Dhruv Rathee,2023-04-20,10722416,306904,13028,Apr
68,Why was Donald Trump Arrested? | Full Case Explained | Dhruv Rathee,2023-04-13,3682429,137923,7543,Apr
69,Israel Crisis 2023 | Largest Protests in History | Explained by Dhruv Rathee,2023-04-11,4303794,171969,11549,Apr
70,Is Amritpal Singh Right? | Khalistan Movement | Dhruv Rathee,2023-04-07,5468330,246496,32018,Apr
71,Rahul Gandhi Disqualified! | Full Case Explained | Dhruv Rathee,2023-04-01,6678166,329715,36084,Apr
72,Mystery of Dinosaurs |  How Did They Become Extinct? | Dhruv Rathee,2023-03-28,8464842,329583,16587,Mar
73,Formula 1 Racing | How the World's Most Dangerous Sport Works? | Dhruv Rathee,2023-03-22,4073928,162326,8138,Mar
74,Downfall of American Banks | Silicon Valley Bank Crash Explained | Dhruv Rathee,2023-03-20,4340239,172952,6578,Mar
75,The Real Story of Dhruv Rathee | 10 Million Special,2023-03-16,9611078,610901,44113,Mar
76,India WINS at Oscars Awards! | How Nominations and Voting Work? | Dhruv Rathee,2023-03-13,4565767,200943,7462,Mar
77,Mystery of Burj Khalifa | How Tall can Humans Build? | Dhruv Rathee,2023-03-06,8873476,266047,7359,Mar
78,Adani and Modi | The Full Story of Fraud Allegations | Dhruv Rathee,2023-03-01,7757842,429876,33982,Mar
79,$3 Trillion Lithium Found in J&K | Geopolitics of Natural Resources | Dhruv Rathee,2023-02-23,7033088,252497,9807,Feb
80,How to Earn Money from Beekeeping? | Ep.2 Jobs Zara Hatke | Dhruv Rathee,2023-02-11,2418821,116905,5583,Feb
81,Reality of Bageshwar Dham Baba | Another Fraud? | Dhruv Rathee,2023-02-09,22372467,1164593,166217,Feb
82,Budget 2023 Analysis | Best Budget Ever? | Dhruv Rathee,2023-02-07,3630489,183228,9835,Feb
83,Gautam Adani vs Hindenburg Report | Explained by Dhruv Rathee,2023-02-02,8109772,391091,22558,Feb
84,Pathaan Controversy | Is Bollywood Hinduphobic? | Shah Rukh Khan | Dhruv Rathee,2023-01-24,6366917,404045,39942,Jan
85,What if India and Pakistan Never Separated? | Dhruv Rathee,2023-01-18,6091367,263430,32475,Jan
86,The Truth of Joshimath | Sinking City of Uttarakhand | Dhruv Rathee,2023-01-17,3492493,175497,5450,Jan
87,The Sad Reality of Avatar 2 | Way of Water | Dhruv Rathee,2023-01-15,5258258,247727,7163,Jan
88,Mystery of Flight IC-814 | The Worst Plane Hijacking in Indian History | Dhruv Rathee,2023-01-08,11141970,396833,10430,Jan
89,Can I be a Helicopter Pilot? | Ep.1 Jobs Zara Hatke,2023-01-01,2060977,101027,6418,Jan
90,The Truth about Firecrackers | Mughal vs Chinese History | Air Pollution | Dhruv Rathee,2022-12-30,3735180,155514,10893,Dec
91,How Singapore became Asia’s No.1 Country? | Case Study | Dhruv Rathee,2022-12-28,10781192,316791,16685,Dec
92,Mystery of Area 51 | Are there really UFOs and Aliens? | Dhruv Rathee,2022-12-24,12758655,387195,11600,Dec
93,How Astrology Fools Millions of Indians! | Truth about Horoscopes | Dhruv Rathee,2022-12-19,9305622,448556,44501,Dec
94,How Digital Media DESTROYED Bollywood? | Business Model of Netflix / OTT | Dhruv Rathee,2022-12-16,3939657,151943,5749,Dec
95,How FIFA earns Money? | Qatar World Cup Business Model | Dhruv Rathee,2022-12-13,5354871,197067,6632,Dec
96,Dark Reality of Indian Education System | Dhruv Rathee,2022-12-09,7003824,451836,28472,Dec
97,India Pakistan 1971 War | Why it happened? | Bangladesh Liberation | Dhruv Rathee,2022-12-06,10021890,297920,25519,Dec
98,Mystery of Ancient Pyramids | How were they really built? | Dhruv Rathee,2022-12-02,12239264,388474,12691,Dec
99,Why is South India more Developed than North India? | Dhruv Rathee,2022-11-27,8313434,284961,32736,Nov
100,"The Dark Reality of Bread, Maida and Roti | Brown Bread vs White Bread | Dhruv Rathee",2022-11-22,8249210,298679,15549,Nov
101,Reality of Morbi Bridge Incident | Who's Responsible? | Dhruv Rathee,2022-11-15,3253328,217542,12347,Nov
102,What if Whole World runs on 100% Solar Energy? | Dhruv Rathee,2022-11-12,5848586,198790,5686,Nov
103,Reality of Elon Musk Twitter Takeover | Forced $44 Billion Deal | Dhruv Rathee,2022-11-08,5064967,205271,8031,Nov
104,How British Destroyed Maratha Empire? | Anglo Maratha Wars | Dhruv Rathee,2022-11-05,5854732,197208,13558,Nov
105,ISRO vs NASA | The History and Future of Space Race | Dhruv Rathee,2022-11-01,6113858,235935,8289,Nov
106,How Rishi Sunak defeated Boris Johnson and Liz Truss | UK Political Crisis | Dhruv Rathee,2022-10-27,6572887,274381,9472,Oct
107,Mystery of Solar Eclipse | Eating Food during Surya Grahan 2023 | Dhruv Rathee,2022-10-24,7198198,381947,19524,Oct
108,The Hidden Truth of Ramayana | Was Ravan Good? | Dhruv Rathee,2022-10-20,10247750,499633,42711,Oct
109,Black Holes Explained | They are not what you think they are! | Dhruv Rathee,2022-10-16,9342752,398348,14295,Oct
110,BEWARE: Chinese Loan Apps and Youtube Comment Scams | Dhruv Rathee,2022-10-11,2586448,147563,7703,Oct
111,The Apollo 11 Moon Landing Mystery | Neil Armstrong | Dhruv Rathee,2022-10-08,24113443,552256,19863,Oct
112,"The Science of Ghosts | Paranormal, Bhoots and Ouija Boards Exposed | Dhruv Rathee",2022-09-27,14526509,616468,34576,Sep
113,How Russia is Losing to Ukraine | 7 Months Later | Dhruv Rathee ft. @sochbymm,2022-09-26,3974188,176382,8247,Sep
114,Anti Hijab Protests in Iran | Explained by Dhruv Rathee,2022-09-25,4163688,227709,25616,Sep
115,How Amul Saved India | The Untold Story of White Revolution | Dhruv Rathee,2022-09-22,6404561,246794,6825,Sep
116,How China Invaded Tibet | Escape of Dalai Lama | Dhruv Rathee,2022-09-17,6137169,227312,11167,Sep
117,The Truth about Freebie Politics | Right or Wrong? | Dhruv Rathee,2022-09-13,4733402,241389,17185,Sep
118,How did British Empire take over India? | Fall of Mughal Empire | Dhruv Rathee,2022-09-10,11017453,345466,17048,Sep
119,The Untold Mystery of Indus Valley Civilization | Dhruv Rathee,2022-09-05,9481660,372834,15256,Sep
120,Hiroshima and Nagasaki | Why USA destroyed Japan? | WW2 | Dhruv Rathee,2022-09-01,9194221,463382,16561,Sep
121,How Adani Trapped NDTV | The Hidden Agenda | Ravish Kumar | Dhruv Rathee,2022-08-25,7442106,372256,27337,Aug
122,Mystery of Red Plague | Invention of World’s First Vaccine | Dhruv Rathee,2022-08-23,6470761,262166,8144,Aug
123,Why People become Criminals? | The Problem of Liberty | Dhruv Rathee,2022-08-21,3064513,188727,11397,Aug
124,Dark Reality of Cold Drinks | Dhruv Rathee,2022-08-17,12283790,527861,33407,Aug
125,Laal Singh Chaddha Boycott | Is Aamir Khan Anti-Hindu? | PK | Dhruv Rathee,2022-08-14,7959165,585572,84231,Aug
126,Why China wants Taiwan? | Taiwan Crisis Explained | Dhruv Rathee,2022-08-13,2161394,132143,4570,Aug
127,Stop Wasting your Time! | The Scientific Way | Dhruv Rathee,2022-08-06,10681896,508561,16601,Aug
128,Who Controls Antarctica? | Mystery of the 7th Continent | Dhruv Rathee,2022-07-30,11626142,347193,7423,Jul
129,Chernobyl Nuclear Disaster | Why it happened? | Dhruv Rathee,2022-07-28,10575580,397373,8331,Jul
130,How Draupadi Murmu Won? | India’s First Tribal President | Dhruv Rathee,2022-07-21,3699681,192811,6406,Jul
131,Life on Alien Planet? | James Webb Telescope Discoveries | Dhruv Rathee,2022-07-19,10881347,419082,10829,Jul
132,Mystery of Kohinoor | Curse of World's Most Famous Diamond | Dhruv Rathee,2022-07-16,9345174,320580,11794,Jul
133,Why Shinzo Abe was Ass*sinated? | Why China celebrated? | Dhruv Rathee,2022-07-12,3867821,166319,4530,Jul
134,Mystery of North Sentinel Island | The Last Stone Age Tribe in World | Dhruv Rathee,2022-07-09,10053730,426360,14790,Jul
135,The Men who Built India | Untold Story of Tata | Dhruv Rathee,2022-07-04,6961509,275033,7466,Jul
136,The End of Shiv Sena? | Maharashtra Political Crisis Explained | Dhruv Rathee,2022-07-03,3699993,195257,12954,Jul
137,Business Model of Bollywood | How Film Industry Earns Money? | Dhruv Rathee,2022-06-27,6480918,253939,8144,Jun
138,India has a Big Stray Dogs Problem | Dhruv Rathee,2022-06-25,4684353,237311,15013,Jun
139,Nupur Sharma Controversy | Who was Right? | Freedom of Speech | Dhruv Rathee,2022-06-21,6821980,348144,42577,Jun
140,Agneepath Scheme Explained | Good or Bad? | Agniveers | Dhruv Rathee ft. @sochbymm​,2022-06-19,6755849,379950,25848,Jun
141,Monkey Man Mystery of Delhi l Kala Bandar of 2001 | Dhruv Rathee,2022-06-17,10166048,383728,15898,Jun
142,Johnny Depp vs Amber Heard Case | The Full Story | Dhruv Rathee,2022-06-12,6134955,278911,9159,Jun
143,India’s Richest Minority | How Zoroastrians became Rich? | Dhruv Rathee,2022-06-06,4365349,166300,9048,Jun
144,Is Taj Mahal a Temple? | The Mystery Explained by Dhruv Rathee,2022-06-01,15010690,603948,39514,Jun
145,Mystery of Supersonic Airplane | Concorde Plane Crash | Dhruv Rathee,2022-05-27,6968257,253450,4410,May
146,Mystery of Titanic | How the World's Greatest Ship Disappeared? | Dhruv Rathee in Hindi,2022-05-24,21111637,593225,9866,May
147,Business Model of IPL | How IPL Teams Make Money? | Dhruv Rathee,2022-05-19,4843592,248571,5622,May
148,Sri Lankan Prime Minister Resigns! | Dynasty Rule Still Continues | Dhruv Rathee,2022-05-14,2905171,138121,5475,May
149,How Social Media Destroys Your Life? | Science behind Addiction | Dhruv Rathee,2022-05-12,6237274,361901,12432,May
150,Cuba Missile Crisis | How USA and Soviet Union almost started WW3 | Dhruv Rathee,2022-05-09,7324670,264313,7756,May
151,Russia Turns Back! Latest Update from Ukraine | Dhruv Rathee,2022-05-06,3059361,135985,4123,May
152,World's Harshest Lockdown in China | Zero COVID Policy | Dhruv Rathee,2022-05-02,3253075,136573,4523,May
153,The Problem with Bulldozer Justice in India | Dhruv Rathee,2022-04-27,2107853,144091,14001,Apr
154,The Real Reason behind Communal Riots | Dhruv Rathee,2022-04-20,3967199,267797,26311,Apr
155,The Dark Secret of Bill Gates | Becoming the World's Richest Man | Dhruv Rathee,2022-04-15,5853821,250843,11870,Apr
156,Why Imran Khan Lost? | Political Crisis in Pakistan | Dhruv Rathee,2022-04-11,5540500,219519,21938,Apr
157,India's Worst Plane Crash | Only Mid-Air Collision in History | Dhruv Rathee,2022-04-08,10192413,327338,5327,Apr
158,Emergency in Sri Lanka! | Economic Crisis Explained | Dhruv Rathee,2022-04-05,5986659,260344,9737,Apr
159,Russia Ukraine Latest Update | Fall of Mariupol | Peace Negotiations | Dhruv Rathee,2022-03-30,2787328,141413,5479,Mar
160,Worst Air Disaster in China | Boeing 737 Plane Crash | Dhruv Rathee,2022-03-24,6415691,235322,5617,Mar
161,French Revolution | Why it happened? | The Dark Reality | Dhruv Rathee,2022-03-22,7055694,247229,11821,Mar
162,The End of Congress Party | Why Gandhi Family keeps losing? | Dhruv Rathee,2022-03-18,6364826,256264,23856,Mar
163,Time Traveler from Year 2256 | Science behind the Mystery | Dhruv Rathee,2022-03-16,17232208,632557,26731,Mar
164,Why Kejriwal & Adityanath Won? | Elections 2022 Result Analysis | Dhruv Rathee,2022-03-12,5059411,243137,28148,Mar
165,Russian Economy is now Permanently Destroyed! | Ukraine vs Russia | Dhruv Rathee,2022-03-11,4750565,234299,11563,Mar
166,Was Nehru a Womanizer? | Reality of Nehru | Dhruv Rathee,2022-03-04,5036887,267124,19861,Mar
167,Russia Ukraine Latest Update | Battle of Kharkiv | Indian Students Stuck | Dhruv Rathee,2022-03-03,4226384,296209,15504,Mar
168,The Shocking Story of Zelensky | Russia Ukraine Invasion Update  | Dhruv Rathee,2022-02-26,5183504,312887,14650,Feb
169,Putin Invades Ukraine! | Russia Ukraine Crisis Explained | Dhruv Rathee ft. @sochbymm,2022-02-24,7928301,407450,15819,Feb
170,Business Model of Uber | How Uber earns Money? | Dhruv Rathee,2022-02-23,1867271,81684,3476,Feb
171,The Bermuda Triangle Mystery | What is the Secret? | Dhruv Rathee,2022-02-21,17763777,576596,10897,Feb
172,Canada declares Emergency! | Freedom Convoy Protests | Dhruv Rathee,2022-02-16,2250376,116914,6527,Feb
173,World’s First Flying Car Invented in Slovakia! | How it works? | Dhruv Rathee,2022-02-12,2845918,110117,3640,Feb
174,The Hijab Controversy | Who is Right? | Karnataka | Dhruv Rathee,2022-02-10,6140841,384599,61839,Feb
175,How Jeff Bezos made Amazon a $1.6 Trillion company? | Business Model of Amazon | Dhruv Rathee,2022-02-07,2933242,126288,4654,Feb
176,Why World War 1 happened? | The Real Reason | Dhruv Rathee,2022-02-05,10887888,345791,8699,Feb
177,Budget 2022 Analysis | What did Middle Class Get? | Pros and Cons | Dhruv Rathee,2022-02-02,2387735,161575,8561,Feb
178,Biggest Mystery in Aviation | What happened to MH370 Flight? | Dhruv Rathee,2022-01-31,15637126,530675,14326,Jan
179,RRB NTPC Protest | Khan Sir Responsible? | Explained by Dhruv Rathee,2022-01-29,5713706,350023,14824,Jan
180,Netaji Bose vs Gandhi | The Left & Right Wing of Congress Party | Dhruv Rathee,2022-01-23,3235611,158084,9128,Jan
181,How Metaverse Works? | Secrets of Metaverse | Explained in Hindi | Dhruv Rathee,2022-01-20,3405644,152300,8346,Jan
182,Third Wave of Omicron | The End of COVID? | Latest Update India | Dhruv Rathee,2022-01-18,2765766,150176,4766,Jan
183,How WhatsApp earns Money? | Secret Business Model of WhatsApp | Dhruv Rathee,2022-01-16,4690292,178445,4227,Jan
184,James Webb Space Telescope | Can it Time Travel? | Big Bang | Dhruv Rathee,2022-01-08,5883745,291047,7693,Jan
185,Bulli Bai App | What is Root Cause of Radicalisation? | Sulli Deals | Dhruv Rathee,2022-01-07,2880392,195192,13152,Jan
186,Bhopal Gas Tragedy | Who was Responsible? | Dhruv Rathee,2022-01-03,7564709,315300,6749,Jan
187,Why are Doctors Protesting? | Doctors Protest Explained | NEET PG 2021 | Dhruv Rathee,2021-12-29,1556456,120762,5708,Dec
188,How Banks Earn Money? | Business Model of Banks | Dhruv Rathee,2021-12-28,3456414,147162,6416,Dec
189,Marriage Age for Women at 21yrs | Good or Bad? | Dhruv Rathee,2021-12-26,2755194,151178,10485,Dec
190,Ukraine vs Russia Crisis | Danger of WW3? | Dhruv Rathee,2021-12-24,4766735,230707,8600,Dec
191,How English became World's Most Powerful Language? | Dhruv Rathee,2021-12-22,3034226,144376,5235,Dec
192,North Korea Bans Laughing! | Kim Jong Un | Dhruv Rathee,2021-12-19,7837625,295518,10904,Dec
193,Should Bitcoin be Banned in India? | Crypto Bill 2021 | Dhruv Rathee,2021-12-16,1047836,56066,2761,Dec
194,CDS Bipin Rawat Helicopter Crash | The Real Reason | Dhruv Rathee,2021-12-12,4740865,204015,6294,Dec
195,Brain Drain | Indian CEOs of American Companies | Dhruv Rathee,2021-12-10,4380210,223820,10024,Dec
196,"Carryminati, Munawar Faruqui and Kunal Kamra Controversy | Hinduphobia in Comedy | Dhruv Rathee",2021-12-07,8926305,623177,53984,Dec
197,The Problem in Indian Society that No One talks about | Dhruv Rathee,2021-12-05,2843369,181220,10854,Dec
198,The Secret Business Model of Tesla | How Tesla earns Money? | Elon Musk | Dhruv Rathee,2021-12-02,3210304,133778,3456,Dec
199,Omicron Virus Variant | Is it Dangerous? | Coronavirus India | Dhruv Rathee,2021-12-01,3463746,186210,6910,Dec
200,"PayTM, GooglePay and UPI Scam | How Scammers fool you? | Dhruv Rathee",2021-11-30,2877379,152738,10661,Nov
201,China becomes Worlds Richest Country | Evergrande Crisis | Dhruv Rathee,2021-11-27,2935304,132896,5914,Nov
202,What if Nepotism Tax exists? | How Inheritance Tax Works | Dhruv Rathee,2021-11-22,1216595,60144,4491,Nov
203,Farm Laws Repealed | Victory for Farmers Protest? | Dhruv Rathee,2021-11-20,2140404,170532,10457,Nov
204,Vir Das Controversy | Was it Insulting India? | Two Indias | Dhruv Rathee,2021-11-19,2559147,189062,15871,Nov
205,Refugee Crisis in Europe Again? | Poland vs Belarus Border | Dhruv Rathee,2021-11-16,1263229,75047,3731,Nov
206,Pan Masala Mafia | How Surrogate Ads work? | Dhruv Rathee,2021-11-15,5924150,296968,13331,Nov
207,Padma Awards | Kangana Ranaut Controversy | Who selects Winners? | Dhruv Rathee,2021-11-13,4132808,266823,18080,Nov
208,Business Model of Cricket World Cup | Explained by Dhruv Rathee,2021-11-09,4254398,199909,7016,Nov
209,Virat Kohli Controversy | Fabindia and CEAT Boycotts | Dhruv Rathee,2021-11-05,3389626,247148,19400,Nov
210,"Swami Vivekananda vs Andh Vishwas, Astrology and Cow Worship | Dhruv Rathee",2021-11-01,3215057,171042,16714,Nov
211,Facebook Papers | How Algorithms promoted Polarization and Hatred | Dhruv Rathee,2021-10-28,2084109,123300,5843,Oct
212,Dark Side of Stock Market | How Stock Market Manipulation works? | Insider Trading | Dhruv Rathee,2021-10-27,4369796,179557,5556,Oct
213,Aryan Khan Bail Granted | Sameer Wankhede Twist | Dhruv Rathee,2021-10-26,3231382,165539,10554,Oct
214,6 Million Special Q&A | Who is Dhruv Rathee? | All Questions Answered!,2021-10-25,4306762,215636,8913,Oct
215,Bangladesh Durga Puja and Singhu Border Case | Dhruv Rathee,2021-10-20,2042576,148584,20523,Oct
216,Why Air India failed? | Case Study of Air India | JRD Tata | Dhruv Rathee,2021-10-16,4566510,144177,6031,Oct
217,Coal Shortage in India | Electricity Crisis | Dhruv Rathee,2021-10-12,2234841,147679,7485,Oct
218,Lakhimpur Kheri Case | The Full Story | Ashish Mishra Arrest | Dhruv Rathee,2021-10-11,1568593,113133,6082,Oct
219,Pandora Papers Explained | Money Trail of Super Rich People | Dhruv Rathee,2021-10-10,2073355,99953,3266,Oct
220,Aryan Khan Arrest | Political Agenda against SRK? | Dhruv Rathee,2021-10-09,5659141,324972,24723,Oct
221,What if Internet Crashes in the Whole World? | Dhruv Rathee,2021-10-08,1628947,90506,2162,Oct
222,Farmers in Lakhimpur and Aryan Khan Case | Dhruv Rathee,2021-10-04,3101408,275111,18117,Oct
223,How to Win the Olympics? | Ground Report at Ravi Dahiya's Village | Dhruv Rathee,2021-10-03,713671,51147,2117,Oct
224,Did Mahatma Gandhi try to save Bhagat Singh? | Gandhi Jayanti Special | Dhruv Rathee,2021-10-02,4150426,198002,9396,Oct
225,What is Quad? । PM Modi in America । Quad vs China । Dhruv Rathee,2021-09-28,1595737,96887,4189,Sep
226,How Rwanda became No.1 Country of Africa | Ground Report by Dhruv Rathee,2021-09-27,1777693,75737,3132,Sep
227,Indira Gandhi's Emergency | Why it happened? | The Real Story | Dhruv Rathee,2021-09-25,7456215,263579,10291,Sep
228,The 9/11 Attacks | What actually happened? | America | Dhruv Rathee,2021-09-19,10039031,406545,14477,Sep
229,The Secret Organization Cleaning India | Ep.3 Gems of India | Dhruv Rathee,2021-09-18,1098321,86029,3936,Sep
230,What if India has 0% Income Tax? | Dhruv Rathee,2021-09-15,3527186,161492,10066,Sep
231,Petrol Price Rise | What are Oil Bonds? | Dhruv Rathee,2021-09-09,2367152,195755,14957,Sep
232,Reality of Savarkar and Subash Chandra Bose | Partition 1947 | Dhruv Rathee,2021-09-01,3783522,151195,16494,Sep
233,"What is Socialism? | Ideologies of Gandhi, Nehru and Bhagat Singh | Dhruv Rathee",2021-08-29,1878768,88975,6135,Aug
234,World's Most Expensive Currency | Dhruv Rathee,2021-08-26,7697754,262251,7146,Aug
235,Pakistan's Role in Taliban | Good Taliban vs Bad Taliban | Dhruv Rathee ft. @sochbymm,2021-08-20,2567260,135048,13927,Aug
236,Taliban Takeover Afghanistan | Fall of Kabul | Why it happened? | Dhruv Rathee,2021-08-17,6860491,361145,26959,Aug
237,Partition 1947 । Why it happened? | India and Pakistan | Dhruv Rathee,2021-08-15,6592203,280006,15927,Aug
238,Kargil War | Why it happened? | Real Story of Vikram Batra | Shershaah | Dhruv Rathee,2021-08-13,9765685,453658,19167,Aug
239,India's Best School? | Ep.2 Gems of India | Dhruv Rathee,2021-08-09,3206880,196098,8547,Aug
240,Indian Hockey Comeback | Why did Hockey lose popularity to Cricket? | Tokyo Olympics | Dhruv Rathee,2021-08-05,1526478,96968,5804,Aug
241,Assam Mizoram Border Issue | History of Mizoram | Assam CM | Dhruv Rathee ft @sochbymm,2021-08-03,1233228,74676,5416,Aug
242,Rise of Taliban | Afghanistan Crisis Continued | US Troops Return | Dhruv Rathee,2021-07-30,8327483,337881,23538,Jul
243,Mirabai Chanu | The Real Struggler | Tokyo Olympics 2021 | Inspiring | Dhruv Rathee,2021-07-27,1230015,105137,5226,Jul
244,Pegasus Spyware | How Pegasus hacks your phone? | Israel NSO | Dhruv Rathee,2021-07-25,2573400,166213,11335,Jul
245,How Credit Cards Work? Should I own a Credit Card? | Dhruv Rathee,2021-07-22,3611186,161915,5373,Jul
246,Space Tourism | Jeff Bezos vs Richard Branson vs Elon Musk | Dhruv Rathee,2021-07-20,2086940,115627,4872,Jul
247,Afghanistan Crisis | History of Taliban | US Troop Return | Explained by Dhruv Rathee,2021-07-19,4781981,220090,13332,Jul
248,Planting 3 Lakh Trees! | Treeman of Haryana | Ep.1 Gems of India | Dhruv Rathee,2021-07-17,1343153,111572,7844,Jul
249,Rabindranath Tagore | How a School Drop-Out Won the Nobel Prize | Dhruv Rathee,2021-07-16,1896645,102853,6276,Jul
250,Reality of Love J**** | Dhruv Rathee,2021-07-11,3103605,206957,20056,Jul
251,Cabinet Reshuffle of Modi Government | Good or Bad? | New Cabinet Ministers | Dhruv Rathee,2021-07-08,1891867,137576,9480,Jul
252,Why this African Country is special? | Dhruv Rathee,2021-07-06,717831,43052,3406,Jul
253,Extreme Heatwave in Canada | 50°C Temperature | Climate Change | Dhruv Rathee,2021-07-04,3184738,148044,6870,Jul
254,Third Wave of Coronavirus | Delta Plus Variant in India | Dhruv Rathee,2021-07-02,2202767,124255,6104,Jul
255,Swami Vivekananda | How Naren became a Monk! | Dhruv Rathee,2021-06-27,2347582,137615,15868,Jun
256,Twitter vs Modi Govt | Ravi Shankar Prasad Twitter Ban | Dhruv Rathee,2021-06-26,1144921,99249,11831,Jun
257,The Fall of Berlin Wall | Akhand Germany Unification | Ground Report by Dhruv Rathee,2021-06-25,3918391,144456,5605,Jun
258,Buxwaha Forest Diamond Mine | The Full Story | Madhya Pradesh | Dhruv Rathee,2021-06-23,1894382,141349,9074,Jun
259,Baba Ka Dhaba | What We Can Learn | The Full Story | Dhruv Rathee,2021-06-20,2808295,273449,16268,Jun
260,Sushant Singh Rajput | Real Solution of Nepotism | One Year Later | Dhruv Rathee,2021-06-14,3713936,266536,15142,Jun
261,Mystery of Mehul Choksi | Uncle of Nirav Modi | Explained by Dhruv Rathee,2021-06-10,1023928,60861,2818,Jun
262,The Problem with GDP | How India's GDP works? | Dhruv Rathee,2021-06-06,1747835,117882,9912,Jun
263,What is Dogecoin? | Bitcoin vs Dogecoin | Explained by Dhruv Rathee,2021-06-04,1208389,66362,5298,Jun
264,What if $1 = ₹1 happens? | Dollar vs Rupee Devaluation | Dhruv Rathee,2021-05-31,7139476,343029,16903,May
265,Dominos & Air India Data Leaked! | How to Protect your Data? | Dhruv Rathee,2021-05-29,1133320,72818,4551,May
266,Lakshadweep in Danger | What is happening? | Praful Patel | Dhruv Rathee,2021-05-26,4043210,327664,36989,May
267,Black Fungus | White Fungus | Yellow Fungus | Symptoms & Treatment | Dhruv Rathee,2021-05-25,1787768,110243,5850,May
268,Can Israel Palestine Unite? | One State Solution vs Two State Solution | Ceasefire | Dhruv Rathee,2021-05-23,1132182,66695,10134,May
269,Raja Ram Mohan Roy | The First Indian Liberal | Dhruv Rathee,2021-05-22,2315247,164695,18291,May
270,Is Akhand Bharat Possible? | Sardar Patel | Dhruv Rathee,2021-05-20,5070231,324852,52218,May
271,Israel Palestine Conflict: 1000 year History | Jerusalem | Gaza | West Bank |  Dhruv Rathee,2021-05-16,10568198,349060,45174,May
272,Israel Palestine Conflict Explained | Al-Aqsa Mosque | Jerusalem | Gaza | Dhruv Rathee,2021-05-14,6741202,334025,43761,May
273,How America became the No.1 Superpower? | Reality of USA | Dhruv Rathee,2021-05-13,4798841,249519,14230,May
274,What is Blockchain? How Elections on Blockchain work? | Bitcoin | Dhruv Rathee,2021-05-10,1772771,97652,5815,May
275,Which is the Best Vaccine? Covaxin vs Covishield | Dhruv Rathee,2021-05-06,3991819,151741,10541,May
276,Kangana Ranaut Twitter Suspension & West Bengal Violence | Dhruv Rathee,2021-05-04,3037414,261635,20081,May
277,Mamata Banerjee Wins | West Bengal Results | COVID Crisis | Dhruv Rathee,2021-05-03,4342974,268330,20921,May
278,World Helps India | COVID Latest Updates | International Response | Dhruv Rathee,2021-04-28,2687339,245485,18571,Apr
279,COVID Home Treatment | Oxygen Procedure | Remdesivir vs Other Medicines | Dhruv Rathee,2021-04-24,2332511,192281,8924,Apr
280,Reality of COVID Crisis | Oxygen Shortage | Remdesivir Black Marketing | Dhruv Rathee,2021-04-23,2748921,212891,17298,Apr
281,How Hitler Brainwashed Millions of People? | Rise of Adolf Hitler | Dhruv Rathee,2021-04-20,8202785,412398,27359,Apr
282,The Silent Killer of Immunity | Indoor Pollution | Dhruv Rathee,2021-04-19,1001764,72818,3342,Apr
283,"Should All Exams be Cancelled? | 10th Board, 12th Board CBSE | Dhruv Rathee",2021-04-15,1239664,98382,11305,Apr
284,Ambedkar vs Gandhi | Who was right about Casteism? | Dhruv Rathee,2021-04-14,4543793,290269,25183,Apr
285,Common Man vs Politicians | COVID Rules | Dhruv Rathee,2021-04-13,1494435,209093,9799,Apr
286,Are Coronavirus Vaccines Safe? | Blood Clotting Side Effects | Dhruv Rathee,2021-04-12,3582212,172290,14192,Apr
287,Will Capitalism destroy the World? | The Power of Money | Dhruv Rathee,2021-04-10,1270897,91454,7015,Apr
288,5 Million Special | New Series Teaser | Dhruv Rathee,2021-04-07,1105460,143378,11976,Apr
289,Second Wave of Coronavirus in India | Lockdown COVID-19 in Maharashtra | Dhruv Rathee,2021-04-01,2273620,147085,12844,Apr
290,Suez Canal | How will Blocked Ship get out? | Dhruv Rathee,2021-03-28,4165605,210550,6241,Mar
291,Delhi Govt vs LG Issue | GNCTD Bill | Arvind Kejriwal | Dhruv Rathee,2021-03-26,1631487,147590,13558,Mar
292,The Truth about Bhagat Singh | Dhruv Rathee,2021-03-23,3309429,218802,13782,Mar
293,World Happiness Report 2021 | Pakistan happier than India? | Dhruv Rathee,2021-03-21,1795159,111821,12170,Mar
294,What is Capitalism? | How does Money make Money? | Dhruv Rathee,2021-03-18,2363752,126143,5967,Mar
295,Myanmar is now a Dictatorship! What can we do? | Dhruv Rathee,2021-03-16,1270856,87700,6289,Mar
296,Is India a Partly Free Country now? | Analysis by Dhruv Rathee,2021-03-09,1214408,101352,11143,Mar
297,"Will Facebook, Twitter, Instagram be banned in India? | OTT Rules 2021 | Explained by Dhruv Rathee",2021-03-05,1872346,148619,12835,Mar
298,Is Dhruv Rathee Biased?,2021-03-02,802009,61967,3950,Mar
299,What is Communism? | Success and Failures of Communism | Dhruv Rathee,2021-02-28,3841676,201876,14499,Feb
300,Modi Rojgar Do | SSC Exam and Job Vacancies | Dhruv Rathee,2021-02-25,1844056,221058,16915,Feb
301,Electric Cars in India | Can you buy a Tesla? | Analysis by Dhruv Rathee,2021-02-23,1292883,90229,7192,Feb
302,Why is Petrol Price at 100 Rupees? | Explained by Dhruv Rathee,2021-02-20,3313678,238364,17411,Feb
303,The Mystery of Anglo Indians | Dhruv Rathee,2021-02-18,2429056,127273,9643,Feb
304,Dhruv Rathee Exposed by Dhruv Rathee,2021-02-15,5168665,342961,42775,Feb
305,Uttarakhand Glacier Burst | What is GLOF? | Dhruv Rathee,2021-02-10,1667010,130863,8126,Feb
306,Rihanna Tweet on Farmers Protest | Greta Thunberg | Dhruv Rathee,2021-02-04,3496190,383521,54076,Feb
307,Budget 2021 Full Analysis | Dhruv Rathee,2021-02-03,1828460,129308,8076,Feb
308,Russia Anti-Putin Protests Explained | Alexei Navalny | Dhruv Rathee,2021-01-30,1648110,118797,8775,Jan
309,Farmers Protest & Red Fort Incident | Deep Sidhu | Rakesh Tikait | Ghazipur Border | Dhruv Rathee,2021-01-28,2484992,232808,30428,Jan
310,"MLM Scams, Network Marketing and Pyramid Schemes | Dhruv Rathee",2021-01-25,2744048,174532,23968,Jan
311,Arnab Goswami Response to WhatsApp Chat Leak | Dhruv Rathee,2021-01-23,1873867,167870,13578,Jan
312,How Elon Musk became World's Richest Man? | Dhruv Rathee,2021-01-21,3247624,185732,6338,Jan
313,Arnab Goswami WhatsApp Chat Leak | Explained by Dhruv Rathee,2021-01-17,3078218,273046,20659,Jan
314,"What are Bitcoin Alternatives? | Ethereum, Ripple, Litecoin Cryptocurrency Explained | Dhruv Rathee",2021-01-16,1588442,73531,10021,Jan
315,WhatsApp Privacy Policy Update Explained! | Dhruv Rathee | WhatsApp vs Telegram vs Signal,2021-01-14,2642063,188484,8695,Jan
316,Chinese Billionaire Jack Ma Missing! | Dhruv Rathee,2021-01-10,2171553,141682,6039,Jan
317,Donald Trump & US Capitol Incident | Explained by Dhruv Rathee,2021-01-08,1224344,106131,6404,Jan
318,The Covaxin Controversy | Explained by Dhruv Rathee,2021-01-03,4562611,258696,4518,Jan
319,Goa Mollem Protests: The Fight Against Coal | Dhruv Rathee,2021-01-02,782456,83308,4781,Jan
320,Did Caste Reservations destroy India? | Dhruv Rathee ft. @sochbymm,2020-12-29,2104848,150163,24318,Dec
321,Dangerous Mutation? New Strain of Coronavirus | Explained by Dhruv Rathee,2020-12-24,1811667,150944,6905,Dec
322,India's New Parliament Building | Central Vista Project | Dhruv Rathee,2020-12-22,3075060,172430,19022,Dec
323,Reality of W********* | Dhruv Rathee,2020-12-14,3169001,245634,17900,Dec
324,Farmers Protest Update | Dhruv Rathee,2020-12-11,1779844,135550,10305,Dec
325,Bitcoin kya hai? How Bitcoin works and why is it so popular? | Dhruv Rathee,2020-12-05,3163977,151739,10909,Dec
326,Farmers Protest in Delhi | Explained by Dhruv Rathee,2020-12-01,2263321,227354,20531,Dec
327,Which Indian State has Best Nutrition? | Dhruv Rathee,2020-11-27,1516712,90316,7312,Nov
328,COVID-19 Vaccine Update | Dhruv Rathee,2020-11-24,1317359,102445,5293,Nov
329,Can Indian Banks Revive from NPA Crisis? | Dhruv Rathee,2020-11-21,827558,55073,2589,Nov
330,The Danger of OTT Regulation | Dhruv Rathee,2020-11-19,1170835,70096,6962,Nov
331,How Joe Biden Won? | US Elections Analysis by Dhruv Rathee,2020-11-08,2000803,162007,10547,Nov
332,Arnab Goswami Arrest! | Explained by Dhruv Rathee,2020-11-05,3430991,319616,39440,Nov
333,France Incidents and Blasphemy | Dhruv Rathee,2020-11-01,2344998,147158,41990,Nov
334,Is Bangladesh better than India now? | Dhruv Rathee,2020-10-30,2182979,147171,23168,Oct
335,Reality of Caste Reservation | Dhruv Rathee ft. @sochbymm,2020-10-27,2818672,188001,25235,Oct
336,Harsh Truth behind Billionaire Scams | Dhruv Rathee,2020-10-22,2256267,118571,4630,Oct
337,IPL 2020: Data Science of Winning | Dhruv Rathee,2020-10-16,1668254,116094,8861,Oct
338,TRP Jumla of Republic TV | Dhruv Rathee,2020-10-11,1928653,189734,17930,Oct
339,Armenia vs Azerbaijan | Explained by Dhruv Rathee,2020-10-07,1993678,114380,14369,Oct
340,Hathras Coverup | Explained by Dhruv Rathee,2020-10-03,4335747,406432,31692,Oct
341,Truth behind your Whatsapp Data  | Dhruv Rathee,2020-10-01,2095055,164929,9183,Oct
342,How Farmers Bills passed Rajya Sabha! | Dhruv Rathee,2020-09-24,2450441,220036,16329,Sep
343,Why are Farmers Protesting? | Farm Laws Explained | Dhruv Rathee,2020-09-16,3817477,297772,19537,Sep
344,"Kangana Ranaut, BMC and Rhea Controversy | Dhruv Rathee",2020-09-11,4821241,481695,50781,Sep
345,GDP Crash and PUBG Ban | By Dhruv Rathee,2020-09-06,2448176,298723,27340,Sep
346,How to start a Youtube Channel and Earn Money? | By Dhruv Rathee,2020-09-03,4841475,263841,10739,Sep
347,Prashant Bhushan Case | Interview with Dhruv Rathee,2020-09-02,1347319,110409,7146,Sep
348,How Belarus is overthrowing their Dictator! |  Dhruv Rathee,2020-08-23,978140,71138,7060,Aug
349,Why Postpone JEE & NEET Exams? | Dhruv Rathee,2020-08-20,1267012,164303,18831,Aug
350,Bangalore Violence 2020 | Explained by Dhruv Rathee,2020-08-16,1618304,123770,24552,Aug
351,Lebanon Crisis: Entire Govt Resigns | Explained by Dhruv Rathee,2020-08-13,1346935,95889,7545,Aug
352,World's Most Expensive Country | Ground Report by Dhruv Rathee,2020-08-11,3197967,173607,9609,Aug
353,Article 370: One Year Later | Dhruv Rathee ft. Angry Prash,2020-08-05,2092615,181186,28318,Aug
354,The Story of Dr. Kafeel Khan | Explained by Dhruv Rathee,2020-08-03,2376653,254895,22762,Aug
355,New Education Policy | Analysis by Dhruv Rathee,2020-07-31,3078369,257134,19482,Jul
356,Why Assam Floods Every Year? | Assam Floods 2022 | Dhruv Rathee,2020-07-26,1087148,82791,6685,Jul
357,Gunjan Saxena: Reality of Women in Armies | Dhruv Rathee | Netflix India,2020-07-23,1127192,87108,9287,Jul
358,Rajasthan Crisis: Pilot vs Gehlot | Explained by Dhruv Rathee,2020-07-20,1457203,95498,7907,Jul
359,Launching a New Channel | Dhruv Rathee,2020-07-18,1459762,148997,11788,Jul
360,Turkey's Hagia Sophia and Erdogan | Dhruv Rathee,2020-07-15,3239448,178398,48963,Jul
361,How EIA 2020 will Damage India! | Dhruv Rathee,2020-07-13,1624585,128848,8443,Jul
362,Reality of COVID-19 Vaccine | Dhruv Rathee,2020-07-07,2014206,151773,9720,Jul
363,COVID-19 Impact on Education | Dhruv Rathee,2020-07-04,1210000,89248,8453,Jul
364,TikTok Ban and Hong Kong Situation | Dhruv Rathee,2020-07-02,2343601,186939,14246,Jul
365,Why Conspiracy Theories Spread | Explained by Dhruv Rathee,2020-06-30,2982818,143191,14144,Jun
366,Flying Beast Interview: Is Air Asia Safe? | Dhruv Rathee,2020-06-26,4544282,295442,9286,Jun
367,Boycott China: The Harsh Truth | Dhruv Rathee,2020-06-24,2397578,173006,14339,Jun
368,Why the World must Boycott China! | Dhruv Rathee,2020-06-18,3911521,290361,21921,Jun
369,Science behind Depression | Dhruv Rathee,2020-06-16,1887944,130073,9762,Jun
370,The Truth behind Inflation | Explained by Dhruv Rathee,2020-06-14,2728774,161783,7728,Jun
371,India vs China Border | Explained by Dhruv Rathee,2020-06-10,3208004,184151,21814,Jun
372,USA Protests | Analysis by Dhruv Rathee,2020-06-07,1594195,120772,13419,Jun
373,Universal Basic Income | Explained by Dhruv Rathee,2020-06-03,1385091,95733,15317,Jun
374,Locust Attack in India | Explained by Dhruv Rathee,2020-05-30,3037665,248173,20920,May
375,Coronavirus Source: Truth about Bats |  Dhruv Rathee,2020-05-26,1190695,89278,5558,May
376,India vs Nepal Border Dispute | Explained by Dhruv Rathee,2020-05-23,4938583,264937,51282,May
377,Modi 's 20 Lakh Crore Package |  Explained by Dhruv Rathee,2020-05-19,2463304,214577,19184,May
378,Carryminati | Youtube vs Tiktok by Dhruv Rathee,2020-05-16,9722295,722981,80862,May
379,How Kerala defeated Coronavirus | Dhruv Rathee,2020-05-14,1232150,93073,13337,May
380,The Truth about Alcohol Tax | Explained by Dhruv Rathee,2020-05-08,1306629,94049,9558,May
381,The Problem with Arnab Goswami | Opinion by Dhruv Rathee,2020-05-01,4783610,336819,46287,May
382,Inside Europe's Worst Economy | Ground Report by Dhruv Rathee,2020-04-27,1620601,95154,7577,Apr
383,Negative Oil Prices | Explained by Dhruv Rathee,2020-04-22,1411924,94374,5053,Apr
384,Global Recession 2020 | Explained by Dhruv Rathee,2020-04-20,1400035,87890,5531,Apr
385,Coronavirus Latest Update -3 | Dhruv Rathee,2020-04-16,1286351,84667,6433,Apr
386,Positive Impact of Coronavirus Lockdown | Explained by Dhruv Rathee,2020-04-09,2057867,155922,14409,Apr
387,Coronavirus Test on Myself | Explained by Dhruv Rathee,2020-04-04,2521592,130033,12208,Apr
388,USA-China Coronavirus Conflict | Explained by Dhruv Rathee,2020-03-30,2005208,121560,8655,Mar
389,Coronavirus Lockdown in India | Analysis by Dhruv Rathee,2020-03-27,2056803,144713,11184,Mar
390,Coronavirus Latest Update | Explained by Dhruv Rathee,2020-03-22,3352927,222349,10447,Mar
391,Saudi-Russia Oil Price Crash | Explained by Dhruv Rathee,2020-03-20,1142022,70673,3019,Mar
392,USA Elections 2020 | Explained by Dhruv Rathee,2020-03-15,1069445,51648,3802,Mar
393,Yes Bank Crisis | Explained by Dhruv Rathee,2020-03-09,2189097,118634,7235,Mar
394,The Truth about Brexit | Explained by Dhruv Rathee,2020-03-07,1726272,87989,4555,Mar
395,Delhi Riots 2020 | Analysis by Dhruv Rathee,2020-03-03,2205020,177572,26137,Mar
396,Singapore vs India | Education System Analysis by Dhruv Rathee,2020-02-20,1261105,71092,9126,Feb
397,Why Kejriwal Won? | Delhi Election Analysis by Dhruv Rathee,2020-02-12,3432201,266723,23248,Feb
398,Coronavirus | Explained by Dhruv Rathee,2020-02-06,3741887,245069,11214,Feb
399,Budget 2020 | Analysis by Dhruv Rathee,2020-02-03,1321109,80305,6076,Feb
400,Arnab Goswami vs Kunal Kamra Case | Opinion by Dhruv Rathee,2020-02-01,3375916,274958,16966,Feb
401,Indian Economy Crisis in 2020 | Analysis by Dhruv Rathee,2020-01-29,1503651,107287,8838,Jan
402,Kejriwal 5 year Report Card | Analysis by Dhruv Rathee,2020-01-25,3277162,236326,28724,Jan
403,Australia Bushfires | Explained by Dhruv Rathee,2020-01-18,1267891,86727,4653,Jan
404,JNU Incident | Explained by Dhruv Rathee,2020-01-12,3076178,239631,20783,Jan
405,USA vs Iran | Explained by Dhruv Rathee,2020-01-08,3891923,212891,10050,Jan
406,Inside World's No.1 Cycling City | Ground Report by Dhruv Rathee,2020-01-01,1450106,108876,8424,Jan
407,Reality of NRC and NPR | Explained by Dhruv Rathee,2019-12-26,3261863,272337,27691,Dec
408,Donald Trump Impeachment | Explained by Dhruv Rathee,2019-12-23,1063127,70118,3451,Dec
409,Aftermath of CAB + NRC | Explained by Dhruv Rathee,2019-12-17,3485691,317107,30803,Dec
410,Reality of Citizenship Bill (CAA) | Opinion by Dhruv Rathee,2019-12-12,4566631,380324,52700,Dec
411,Hyderabad Case: Is it Real Justice? | Analysis by Dhruv Rathee,2019-12-08,1828530,162609,11995,Dec
412,Dhruv Rathee with Kunal Kamra | Q&A in Amsterdam,2019-12-05,2113479,84769,3542,Dec
413,India vs Germany | Education System Analysis by Dhruv Rathee,2019-12-01,3183543,171840,11033,Dec
414,Maharashtra Politics: BJP vs NCP | Explained by Dhruv Rathee,2019-11-27,2830839,138638,9892,Nov
415,"Privatization of Air India, BPCL | Analysis by Dhruv Rathee",2019-11-25,1313320,80599,5614,Nov
416,Statue of Unity: First Year Performance | Analysis by Dhruv Rathee,2019-11-21,1514605,112476,12888,Nov
417,Reality of Indian Media | Analysis by Dhruv Rathee,2019-11-16,4442587,307426,22113,Nov
418,Ayodhya Verdict | Opinion by Dhruv Rathee,2019-11-09,3393075,212286,0,Nov
419,Reality of Air Pollution in Delhi | Analysis by Dhruv Rathee,2019-11-02,1581627,103223,7331,Nov
420,Does India need Two Child Policy? | Analysis by Dhruv Rathee,2019-10-29,1261909,82424,15138,Oct
421,Revolutionizing Indian Education System | Ground Report by Dhruv Rathee,2019-10-20,1227633,100252,8407,Oct
422,PMC Bank: Is Your Money Safe in Banks? | Explained by Dhruv Rathee,2019-10-13,825811,74717,7161,Oct
423,Aarey Forest: Was it Wrong to Cut Trees? | Explained by Dhruv Rathee,2019-10-09,632645,63698,4931,Oct
424,India's Economic Crisis 2019: How to Survive? | Dhruv Rathee Interviews Gaurav Rastogi,2019-10-06,670028,33614,2517,Oct
425,Is Greta Thunberg Wrong? | Climate Change Explained by Dhruv Rathee,2019-09-29,1267495,95184,6621,Sep
426,India's Best Statue | Ground Report by Dhruv Rathee,2019-09-22,2646551,160214,11400,Sep
427,"Inside World's Smallest ""Country"" | Ground Report by Dhruv Rathee",2019-09-14,4002652,187624,8499,Sep
428,How Social Media Caused Amazon Fires and Brexit | Explained by Dhruv Rathee,2019-09-08,806875,42724,2351,Sep
429,Reality of 4.5% GDP Growth in Indian Economy | Analysis by Dhruv Rathee,2019-08-31,2201884,181222,23902,Aug
430,"Azadi | Kashmir, Hong Kong, Catalonia Separatism | Explained by Dhruv Rathee",2019-08-25,1679707,79127,9889,Aug
431,Truth behind Astrology & Mind Reading | Explained by Dhruv Rathee ft. Karan Singh Magic,2019-08-18,6352583,301746,23322,Aug
432,Who Controls your Internet? How Internet Works? | Explained by Dhruv Rathee,2019-08-10,3139286,139204,5374,Aug
433,Article 370 Removal: Right or Wrong? | Explained by Dhruv Rathee,2019-08-07,3999329,187289,32888,Aug
434,Reality of RTI Amendment Bill | Analysis by Dhruv Rathee,2019-07-27,1046519,87490,5563,Jul
435,Reality of Chandrayaan 2 Moon Mission | Explained by Dhruv Rathee,2019-07-22,2048659,111872,7139,Jul
436,The Truth about Face App  | Analysis by Dhruv Rathee,2019-07-20,1618319,76995,3152,Jul
437,देखिए Assam Floods के पीछे का सच! | Analysis by Dhruv Rathee,2019-07-18,529813,42477,2740,Jul
438,Karnataka Crisis: One Nation One Party? | Analysis by Dhruv Rathee,2019-07-15,457585,28732,2750,Jul
439,How to Learn Anything Easily and Fast! | By Dhruv Rathee,2019-07-11,5368443,341998,8176,Jul
440,Budget 2019: What did Middle Class Get? | Analysis by Dhruv Rathee,2019-07-07,628581,40985,3257,Jul
441,Article 15 - Reality of Casteism | Analysis by Dhruv Rathee,2019-07-05,1891866,155006,12457,Jul
442,Share Market Explained by Dhruv Rathee (Hindi) | Learn Everything on Investing Money,2019-07-03,4469543,233333,6317,Jul
443,Water Crisis: 6 Ways to Save Yourself! | Explained by Dhruv Rathee,2019-06-26,834905,57550,7743,Jun
444,"Clean India and Win ₹1,00,000 | Champion Challenge by Dhruv Rathee",2019-06-23,276443,21653,1772,Jun
445,Doctors Strike : Reality of Problems faced by Doctors and Patients | Analysis by Dhruv Rathee,2019-06-17,567404,36333,4174,Jun
446,Reality of AN 32 Aircraft Crash | Analysis by Dhruv Rathee,2019-06-14,416581,37129,2644,Jun
447,Cleaning 9 million kgs of Trash | Dhruv Rathee Interviews Afroz Shah,2019-06-06,2880694,205153,13608,Jun
448,Should Rahul Gandhi Resign? | Analysis of BJP's Win and Opinion by Dhruv Rathee,2019-05-29,1702433,100129,23165,May
449,"Votes Up: LIVE Election Results with Dhruv Rathee, Kunal Kamra and Akash Banerjee",2019-05-23,2661866,51148,0,May
450,"Votes Up: LIVE Election Results with Dhruv Rathee, Kunal Kamra and Akash Banerjee",2019-05-23,0,20,0,May
451,Reality of West Bengal & Mamata Banerjee | Ep.5 Elections with Dhruv Rathee on NDTV,2019-05-18,1148322,73791,12147,May
452,TIME Magazine and Cloud Theory of Modi | Analysis by Dhruv Rathee,2019-05-14,1579687,115568,13098,May
453,Reality of Rajiv Gandhi | Ep.4 Elections with Dhruv Rathee on NDTV,2019-05-11,1169882,74126,7178,May
454,The Masterstroke behind Delhi Schools | Interview of Atishi with Dhruv Rathee,2019-05-08,835617,51539,4158,May
455,Tej Bahadur Disqualification: Is EC biased? | Ep.3 Elections with Dhruv Rathee on NDTV,2019-05-04,844273,78845,8387,May
456,Gaumutra Cures Cancer? |  Ep.2 Elections with Dhruv Rathee on NDTV,2019-04-28,1658956,110614,8126,Apr
457,Sadhvi Pragya: The New Agenda | Ep.1 Elections with Dhruv Rathee on NDTV,2019-04-22,1029096,84777,8159,Apr
458,Reality of Modi's Varanasi after 5 years | Ground Report by Dhruv Rathee,2019-04-19,2154449,103526,12457,Apr
459,Rafale Deal पर French Media का बड़ा ख़ुलासा! | Explained by Dhruv Rathee,2019-04-14,837070,62758,8508,Apr
460,BJP vs Congress: Which Manifesto is Better? | Analysis by Dhruv Rathee,2019-04-10,824321,45649,8474,Apr
461,"Modi Report Card Part-2 | Analysis on Corruption, Security by Dhruv Rathee ft Soch",2019-04-08,911701,57852,7806,Apr
462,Congress Manifesto for 2019 Elections | Analysis by Dhruv Rathee,2019-04-04,1099682,52234,8495,Apr
463,Modi Govt: 5 Year Report Card | Mega Analysis by Dhruv Rathee ft. Soch,2019-03-30,2584623,154049,27561,Mar
464,Ground Reality of Delhi Govt Schools | Jumla or Truth? | By Dhruv Rathee,2019-03-27,3504220,221535,14348,Mar
465,Science of PUBG Addiction: How to Stop Playing? | Analysis by Dhruv Rathee,2019-03-23,1264053,75897,8318,Mar
466,NOTA Voting: Should you vote for it? | Historical Analysis by Dhruv Rathee,2019-03-16,445405,31683,2574,Mar
467,Twitter Factory of BJP: Caught Red Handed! | Dhruv Rathee and Pratik Sinha,2019-03-10,832086,53223,6960,Mar
468,Cobrapost Expose on Bollywood | Did Celebrities do any Wrong? Opinion By Dhruv Rathee,2019-03-06,3709903,217879,14382,Mar
469,Should Voting be Compulsory? | Analysis by Dhruv Rathee,2019-03-03,231505,15832,2334,Mar
470,India Pakistan Tensions: All that happened! | Explained by Dhruv Ratheee,2019-02-28,1515311,115391,18066,Feb
471,Which Country's Voting System is Best? |  Explained by Dhruv Rathee,2019-02-23,973471,51297,4825,Feb
472,Pulwama: Reality of Jawans & Pakistan | Analysis by Dhruv Rathee,2019-02-19,5634834,291715,38558,Feb
473,How to Vote? | All about Voter ID Card Registration by Dhruv Rathee,2019-02-16,358825,16895,1678,Feb
474,BJP Leaks: Breaking Democracy across India! | Bebak Ep.5 with Abhisar Sharma,2019-02-13,330568,23044,2483,Feb
475,Unemployment Report: How Modi govt wants Data Manipulation! | Analysis by Dhruv Rathee,2019-02-05,655002,46808,7159,Feb
476,Delhi's Amazing Lake Revival! | Ground Report by Dhruv Rathee,2019-01-27,1736299,133590,12414,Jan
477,Andh Bhakt Banerjee Debates with Dhruv Rathee | Logical Fallacies Explained!,2019-01-19,8779365,535846,47833,Jan
478,How to Save Tax? | EPF and PPF Explained by Dhruv Rathee (In Hindi),2019-01-13,433615,24618,1199,Jan
479,Reality of 10% Reservation for Economically Weak: New Jumla? | Opinion by Dhruv Rathee,2019-01-09,1515351,93278,18446,Jan
480,Dhruv Rathee Newslaundry Interview with Abhinandan (Teaser),2019-01-05,1000219,48474,1767,Jan
481,Dhruv Rathee with Abhisar Sharma | Youtube Live Q&A on Accidental Prime Minister and Congress,2018-12-31,2129857,113794,10005,Dec
482,Rafale Deal | The Complete Controversy Explained by Dhruv Rathee,2018-12-22,4211291,171822,21165,Dec
483,Why BJP lost the 2018 Elections? Harsh Reality about why Indians are fed up of BJP | Dhruv Rathee,2018-12-12,2135732,122847,20281,Dec
484,2.0 - Science behind Rajnikanth 's Movie | Mobile Phone Radiation Explained by Dhruv Rathee,2018-12-05,3127575,174503,11590,Dec
485,Why are Farmers Angry with Modi Govt? | Kisan Mukti March | Dhruv Rathee,2018-11-29,382405,30573,3154,Nov
486,Who to Vote in 2019 Lok Sabha Elections? | Analysis by Dhruv Rathee,2018-11-26,1833718,92951,18126,Nov
487,Sambit Patra: The Harsh Truth | Bebak Ep.4 with Abhisar Sharma and Dhruv Rathee,2018-11-18,3437222,179989,14434,Nov
488,Ravish Kumar Interviews Dhruv Rathee on NDTV Prime Time | Full Interview,2018-11-10,13272253,574882,28985,Nov
489,India under Modi Govt | 4 years of Performance Rankings Analyzed by Dhruv Rathee,2018-11-08,1158130,58255,5857,Nov
490,Statue of Unity: The Harsh Reality | Analysis by Dhruv Rathee,2018-11-01,7311732,409030,65660,Nov
491,CBI vs CBI: The Truth behind the Controversy | Explained by Dhruv Rathee,2018-10-28,793893,52473,3448,Oct
492,Interview of Ganga Activist with Dhruv Rathee | Sant Gopaldas | Ganga Part-2,2018-10-22,139956,12532,1088,Oct
493,Ganga : The 40 year long battle of GD Agarwal | Dhruv Rathee,2018-10-18,194938,19155,2237,Oct
494,#MeToo Movement and MJ Akbar case | Bebak Ep. 3 with Abhisar Sharma and Dhruv Rathee,2018-10-11,222121,13380,1434,Oct
495,Indian Rupee is on a Golden Run! 💰 | Ep.10 The Dhruv Rathee Show,2018-10-09,773397,47883,4821,Oct
496,A Mother's Voice from Uttar Pradesh Village | Ep.2 Bebak with Abhisar Sharma and Dhruv Rathee,2018-10-01,255883,23167,3081,Oct
497,Reality of Journalists under Modi govt | Ep.1 Bebak with Abhisar Sharma and Dhruv Rathee,2018-09-20,1233350,75068,8214,Sep
498,Vijay Mallya: Who helped him Escape? | Analysis by Dhruv Rathee,2018-09-18,2867096,121918,8198,Sep
499,Teaser: Bebak with Abhisar Sharma and Dhruv Rathee | Releasing 20th September,2018-09-14,314207,32317,3504,Sep
500,Demonetization: Final Analysis of the Masterstroke by Dhruv Rathee [UPDATED],2018-09-08,1857443,104898,9209,Sep
501,Andh Bhakti vs Science: How to Research Scientifically? | Dhruv Rathee,2018-08-29,688483,40703,4261,Aug
502,Kerala Floods: Can future disasters be prevented? | Ft. Poojan Sahil and Dhruv Rathee,2018-08-23,434766,28988,3885,Aug
503,Atal Bihari Vajpayee: Best PM of India? | Analysis by Dhruv Rathee,2018-08-18,4397521,228206,17149,Aug
504,Are you an Adarsh Indian? | Independence Day Special Pee News ft. Akash Banerjee and Dhruv Rathee,2018-08-15,615015,44407,4955,Aug
505,Punya Prasun Bajpai: The Truth behind ABP News Resignation | Dhruv Rathee,2018-08-07,6370599,299202,22852,Aug
506,Mutual Funds Explained by Dhruv Rathee (Hindi) | Learn everything on Investments in 2020!,2018-08-04,4225858,183090,4346,Aug
507,Pakistan ka Deshdrohi | Exclusive Interview of Dhruv Rathee with Pakistani Human Rights Activist,2018-07-30,1174011,65736,6297,Jul
508,Cow Urine Magic! | Hidden Secret in Gaumutra Explained by Dhruv Rathee,2018-07-26,7289096,484512,55153,Jul
509,Rahul Gandhi vs PM Modi Speech: Who was better? | Analysis by Dhruv Rathee,2018-07-22,5978611,325244,63599,Jul
510,Photoshopped Videos created using Artificial Intelligence!! | Explained by Dhruv Rathee,2018-07-14,614313,35063,2639,Jul
511,Dhruv Rathee's Youtube Journey & Biography | Interview with Brut India,2018-07-10,433279,25997,1401,Jul
512,"Whose Black Money is in Swiss Banks? | Ep.9 The Dhruv Rathee Show [Indian Rupee, Foreign Expenses]",2018-07-05,1232399,60629,5066,Jul
513,Is India World's Most Dangerous Country for Women? | Analysis by Dhruv Rathee,2018-06-29,1364445,84121,7781,Jun
514,"Why is your Privacy & Data so Important? | Dhruv Rathee explains Cambridge Analytica, PayTM, Aadhaar",2018-06-25,260700,16043,959,Jun
515,Kejriwal vs LG: What is happening in Delhi? | Explained by Dhruv Rathee,2018-06-18,826601,49598,8014,Jun
516,Alt News Founder Pratik Sinha with Dhruv Rathee | Casual Interview in Germany,2018-06-16,264350,18667,1082,Jun
517,Every Indian on WhatsApp Must Watch This Video | Dhruv Rathee,2018-06-12,775591,41759,3537,Jun
518,Exclusive Interview of an Indian Soldier with Dhruv Rathee | Ground Reality of Indian Jawan,2018-06-09,413799,30033,5323,Jun
519,Bangladeshi Immigrants in India? | Citizenship Amendment Bill Explained by Dhruv Rathee,2018-06-03,1483909,87516,11508,Jun
520,Truth behind PayTM by Dhruv Rathee | Cobrapost Operation 136,2018-05-27,3451088,170264,13808,May
521,How to start a Business by Dhruv Rathee | Being an Entrepreneur in India,2018-05-24,3157370,145236,5346,May
522,BJP vs Congress: Reality of Karnataka Results by Dhruv Rathee | Yedyurappa CM,2018-05-18,759280,48020,9072,May
523,World's Worst Pollution! | India v/s Europe Analysis by Dhruv Rathee,2018-05-15,576667,38933,3584,May
524,100% Village Electrification: Is it true? | Dhruv Rathee Facebook Live,2018-04-30,179980,11010,1931,Apr
525,Is Modi Govt interfering in Supreme Court? | Explained by Dhruv Rathee,2018-04-28,321565,22716,2794,Apr
526,Save our Forests! | National Forest Policy 2018 Explained by Dhruv Rathee,2018-04-21,106838,8175,961,Apr
527,Maun Modi and Whataboutery on Unnao & Kathua | Dhruv Rathee,2018-04-13,581980,41487,5118,Apr
528,"Indian Police is a Puppet of Netas! | Police Reforms Solutions by Dhruv Rathee [Unnao, Kathua]",2018-04-11,437841,37680,2440,Apr
529,Which is the Best Country in the World? | Dhruv Rathee Analysis for 2018,2018-04-03,2747526,119898,18248,Apr
530,Biggest Exposé of Indian Media!! | Cobrapost Operation 136 by Dhruv Rathee,2018-03-28,1031692,61540,2936,Mar
531,"RTI Activists in India | Ep.8 The Dhruv Rathee Show (Demonetisation,  Unemployment Surveys)",2018-03-24,226629,15606,1541,Mar
532,Finance Bill 2018 by Dhruv Rathee | Foreign Funding Legalized!,2018-03-19,247857,18139,1883,Mar
533,BJP IT Cell Insider Interview with Dhruv Rathee,2018-03-10,5042365,230059,24200,Mar
534,SSC Exam Scam 2018 by Dhruv Rathee | Why are students protesting against SSC CGL Exam?,2018-03-04,606607,36003,2887,Mar
535,Indian Education System 2018 by Dhruv Rathee  [No Detention policy],2018-02-24,453145,23099,2472,Feb
536,Reality of PNB Scam & Nirav Modi by Dhruv Rathee | Banks and Businessman jeweler Explained,2018-02-17,1756761,85626,5749,Feb
537,Bitcoin in India by Dhruv Rathee | What is Bitcoin? How to buy Bitcoin? Is it legal?,2018-02-13,351914,17548,1216,Feb
538,Biggest Jumla Ever | Dhruv Rathee on Facebook Live | Power and Water Ministry,2018-02-09,200384,14187,1710,Feb
539,"Reality of Budget 2018 | Dhruv Rathee Critical Analysis (Income Tax, Salaried people)",2018-02-03,319254,17381,2004,Feb
540,"Truth behind Padmaavat film | Q&A Part-2 of Dhruv Rathee | Questions on Travel, Bitcoin & 2019",2018-01-29,535707,28647,2389,Jan
541,"Stupidity & Ache Din in UP | Ep.7 The Dhruv Rathee Show [Science, Evolution, SBI Bank Fees ]",2018-01-23,1090574,70341,5888,Jan
542,Reality of Supreme Court Judges & Justice Loya Case Explained by Dhruv Rathee,2018-01-15,1371325,79165,5996,Jan
543,Reality of Aadhaar Card by Dhruv Rathee,2018-01-10,1183969,68824,4482,Jan
544,"Which is the Best State in India? | Dhruv Rathee Analysis on Economy, Environment, Development",2018-01-06,6448041,236346,32669,Jan
545,Manish Sisodia Interview with Dhruv Rathee Part-2 | Education & Govt Schools,2017-12-28,626853,31106,2447,Dec
546,"Christmas Gifts for Netas: 2G Spectrum Scam, Adarsh, Fodder Clean Chits |  Live with Dhruv Rathee",2017-12-23,147423,7215,809,Dec
547,Modi & Ivanka Lied?! | Ep.6 The Dhruv Rathee Show (Adani's Coal mine & Smart Waste),2017-12-21,1778815,103735,7624,Dec
548,"Shehzad Poonawalla Interview with Dhruv Rathee | Congress Dynasty, Appeasement & Economy",2017-12-16,411745,13872,2687,Dec
549,FRDI Bill: Your Bank Deposits & Savings are at risk! | By Dhruv Rathee,2017-12-13,376011,19208,1960,Dec
550,"Reality of Gujarat Model by Dhruv Rathee  | All aspects of Economy, growth, HDI, Investment & more",2017-12-07,652971,30544,4517,Dec
551,Yoga with Wrong Number Baba |  Pee News Interview ft. Dhruv Rathee & Akash Banerjee,2017-12-03,368473,16900,2440,Dec
552,"Vinod Dua Exclusive Interview with Dhruv Rathee | Media, Modi & Indira Gandhi",2017-11-29,1240236,43817,2360,Nov
553,Jan Gan Man Ki Baat: Behind The Scenes with Dhruv Rathee & Vinod Dua,2017-11-26,146949,5160,326,Nov
554,Padmavati Crorepati Prizes & Moody's credit ratings! | Ep.5  The Dhruv Rathee Show,2017-11-23,572151,32088,2488,Nov
555,'An Insignificant Man' Film Directors Interview with Dhruv Rathee,2017-11-16,330989,12881,676,Nov
556,Manish Sisodia Exclusive Interview with Dhruv Rathee | Smog in Delhi & Odd-Even,2017-11-10,352582,15549,1189,Nov
557,Online Shopping Safety by Dhruv Rathee ft. UIC [ Amazon / Flipkart / OLX ],2017-11-07,306181,12129,686,Nov
558,"Dhruv Rathee in Special Event ft. Faye D'souza, Richa Chadha and Rega Jha | On Garbage Management",2017-11-05,229786,8013,429,Nov
559,10 yrs of Congress govt. Analysis by Dhruv Rathee,2017-10-30,2047455,83793,14999,Oct
560,"Ache Din are here in Rajasthan! | Ep 4 The Dhruv Rathee Show [Digital India cess, Tax money]",2017-10-23,452332,27025,2191,Oct
561,GST Bills in Restaurants by Dhruv Rathee | Goods and Services Tax,2017-10-20,413489,20305,855,Oct
562,Reality of Diwali Firecrackers by Dhruv Rathee | Health Impact compared to Cars & industries,2017-10-18,133975,7636,1480,Oct
563,Diwali with Bhakt | Pee News Interview by Dhruv Rathee ft. Akash Banerjee on crackers,2017-10-14,765347,44771,5047,Oct
564,"Amit Shah's son, Adani & Ambani | Ep 3 The Dhruv Rathee Show",2017-10-09,1604273,80141,3633,Oct
565,Important Tips to make you more employable and get Jobs by Dhruv Rathee | Fighting Unemployment,2017-10-02,301284,15875,977,Oct
566,Indian Economy is Crashing Down! | Ep. 2 The Dhruv Rathee Show,2017-09-24,207595,10342,1325,Sep
567,How to Save Rivers in India by Dhruv Rathee |  Can Rally for Rivers work?,2017-09-19,166583,9020,974,Sep
568,New What's App Forward nowadays | Dhruv Rathee Facebook Live,2017-09-17,118576,5960,542,Sep
569,Reality of Petrol Price Hike by Dhruv Rathee | Huge Tax Increase,2017-09-16,520972,34700,3497,Sep
570,New ₹200 Currency Note Easier to Fake! | Ep. 1 The Dhruv Rathee Show [Money & Inequality],2017-09-10,217357,13352,2417,Sep
571,Demonetization: Final Analysis by Dhruv Rathee | Biggest loss of Money Ever?,2017-09-02,679420,32620,3678,Sep
572,Big Announcement from Dhruv Rathee | YouTube Earnings Revealed,2017-08-29,1148198,55813,4136,Aug
573,Boycott Made in China? | Realistic Solution by Dhruv Rathee,2017-07-30,484634,24913,2278,Jul
574,Left vs Right: Which is best political ideology? | By Dhruv Rathee,2017-07-24,2075090,80835,15779,Jul
575,Dirty Tactics of China Explained by Dhruv Rathee | Sikkim Bhutan Border Standoff,2017-07-16,709909,29447,2366,Jul
576,Propaganda in School Textbooks & Bollywood films | Dhruv Rathee Facebook Live,2017-07-06,379740,21440,2749,Jul
577,How to identify Fake News in India | By Dhruv Rathee,2017-06-29,445700,23175,1234,Jun
578,How to fight Overpopulation in India by Dhruv Rathee,2017-06-17,812788,41772,7014,Jun
579,TRP Ratings Jumla of Republic TV Exposed | Facebook Live with Dhruv Rathee,2017-06-09,377729,21545,2634,Jun
580,3 years of Modi Government Analysis | Exposed by Dhruv Rathee,2017-05-24,921928,32484,6486,May
581,Who is Dhruv Rathee? | Q&A | Indian Journalism and Climate Change,2017-05-17,2699853,131321,8952,May
582,India in 2025 by Dhruv Rathee | Cow Economics,2017-05-07,1820149,95430,8092,May
583,"Ask Dhruv Rathee Anything | 50,000 Thank You | AMA",2017-05-05,259950,12186,2376,May
584,Snapchat Exposed Intolerant Indians & Andh Bhakts | Sonu Nigam | By Dhruv Rathee,2017-04-19,609648,50042,4974,Apr
585,"Machu Picchu 2017, Peru | Travel Wonders of World by Dhruv Rathee",2017-04-11,287831,9824,439,Apr
586,Corruption Legalized! | Finance Bill 2017 Exposed by Dhruv Rathee,2017-03-27,454347,23423,1937,Mar
587,Reality of Yogi Adityanath by Dhruv Rathee | Uttar Pradesh new CM,2017-03-19,9631783,527408,62664,Mar
588,Truth behind EVM Machine Hacking | Electronic Voting Fraud in India by Dhruv Rathee,2017-03-15,2131022,78116,5743,Mar
589,Soldiers against ABVP / BJP (Aftermath of Gurmehar / Ramjas college row) + Announcement,2017-03-09,67844,3988,410,Mar
590,Cow is World's Best Animal | Ep 1 Pee News by Dhruv Rathee [Faking News],2017-01-25,842905,51626,5110,Jan
591,Andh Modi Bhakts Exposed | Reading their logic by Dhruv Rathee,2017-01-11,2122134,134287,16406,Jan
592,Shivaji Memorial Statue Exposed by Dhruv Rathee | Waste of taxpayer's money,2016-12-25,394330,18175,4609,Dec
593,"Good News you missed | Mainstream Media Uncovered | Gold Taj Mahal?, Organic Farming",2016-12-05,248724,14220,763,Dec
594,How to fight Corruption and Black money by Dhruv Rathee | Demonetisation in India Scheme Exposed 2,2016-11-26,191588,8501,640,Nov
595,"The Island of Birds: Islas Ballestas, Paracas, Peru",2016-10-26,81813,1724,106,Oct
596,A True Salute to Soldiers of Indian Army | Republic Day Special,2016-10-15,130249,5454,319,Oct
597,URI: Surgical Strike Proof: Lies and Propoganda of Pakistan Exposed on Video | Special Dussehra,2016-10-05,1857129,63647,7435,Oct
598,BJP IT Cell Exposed: How lies and propaganda are spread | by Dhruv Rathee,2016-09-16,1672517,68156,4166,Sep
599,Inside the Volcano: Going Inside the Thrihnukagigur Volcano in Iceland,2014-07-12,420498,8719,431,Jul
600,Crazy German Water Park: Filmed on iPhone 5s,2014-06-11,784548,23359,1945,Jun
